<?xml version="1.0" encoding="UTF-8"?>
<project-private xmlns="http://www.netbeans.org/ns/project-private/1">
    <editor-bookmarks xmlns="http://www.netbeans.org/ns/editor-bookmarks/2" lastBookmarkId="0"/>
    <open-files xmlns="http://www.netbeans.org/ns/projectui-open-files/2">
        <group>
            <file>file:/G:/Meu%20Drive/UNIVATES/Gestão%20e%20Análise%20-%20EAD/Modulo%2006%20-%20Análise/PROGRAMAÇÃO%20DE%20APLICAÇÕES%20-%20REF%20274230/Tarefa%2002/br.com.vendas/src/tela/IfrClientes.java</file>
            <file>file:/G:/Meu%20Drive/UNIVATES/Gestão%20e%20Análise%20-%20EAD/Modulo%2006%20-%20Análise/PROGRAMAÇÃO%20DE%20APLICAÇÕES%20-%20REF%20274230/Tarefa%2002/br.com.vendas/src/entidade/Cliente.java</file>
            <file>file:/G:/Meu%20Drive/UNIVATES/Gestão%20e%20Análise%20-%20EAD/Modulo%2006%20-%20Análise/PROGRAMAÇÃO%20DE%20APLICAÇÕES%20-%20REF%20274230/Tarefa%2002/br.com.vendas/src/dao/ClienteDAO.java</file>
            <file>file:/G:/Meu%20Drive/UNIVATES/Gestão%20e%20Análise%20-%20EAD/Modulo%2006%20-%20Análise/PROGRAMAÇÃO%20DE%20APLICAÇÕES%20-%20REF%20274230/Tarefa%2002/br.com.vendas/src/tela/FrmPrincipal.java</file>
        </group>
    </open-files>
</project-private>
