<?xml version="1.0" encoding="UTF-8"?>
<project-private xmlns="http://www.netbeans.org/ns/project-private/1">
    <editor-bookmarks xmlns="http://www.netbeans.org/ns/editor-bookmarks/2" lastBookmarkId="0"/>
    <open-files xmlns="http://www.netbeans.org/ns/projectui-open-files/2">
        <group>
            <file>file:/home/pretto/NetBeansProjects/OficinaMecanica/src/tela/IfrCidade.java</file>
            <file>file:/home/pretto/NetBeansProjects/OficinaMecanica/src/apoio/IDAOT.java</file>
            <file>file:/home/pretto/NetBeansProjects/OficinaMecanica/src/tela/FrmPrincipal.java</file>
            <file>file:/home/pretto/NetBeansProjects/OficinaMecanica/src/apoio/ConexaoBD.java</file>
            <file>file:/home/pretto/NetBeansProjects/OficinaMecanica/src/oficinamecanica/OficinaMecanica.java</file>
            <file>file:/home/pretto/NetBeansProjects/OficinaMecanica/src/entidade/Cidade.java</file>
            <file>file:/home/pretto/NetBeansProjects/OficinaMecanica/src/dao/CidadeDAO.java</file>
        </group>
    </open-files>
</project-private>
